feature,weight,normalized_weight
const,-5.408972877063089,-22.1143699246226
CD_history,-0.24459086537394972,-1.0
elevated_risk_surgery,0.8769570335330444,3.5854038628641494
prior_insulin,1.0289368287181102,4.2067671952711345
congestive_heart_failure_elixhauser,1.2336927952527923,5.043903799786741
MI_history,1.253845069775239,5.126295570598118
prior_creatinine,1.385124351989545,5.663025681158854
